Name,Given Name,Additional Name,Family Name,Yomi Name,Given Name Yomi,Additional Name Yomi,Family Name Yomi,Name Prefix,Name Suffix,Initials,Nickname,Short Name,Maiden Name,Birthday,Gender,Location,Billing Information,Directory Server,Mileage,Occupation,Hobby,Sensitivity,Priority,Subject,Notes,Language,Photo,Group Membership,E-mail 1 - Type,E-mail 1 - Value,Phone 1 - Type,Phone 1 - Value,Phone 2 - Type,Phone 2 - Value
Avery Banks,Avery,,Banks,,,,,,,,Avery,,,,,,,,,,,,,,,,,,* Other,avery.banks@gmail.com,,,,
Alex Lane,Alex,,Lane,,,,,,,,Alex,,,,,,,,,,,,,,,,,,* ,alex.lane@gmail.com,,,,
Logan Stone,Logan,,Stone,,,,,,,,Logan,,,,,,,,,,,,,,,,,,* ,logan.stone@gmail.com,,,,
Casey Lane,Casey,,Lane,,,,,,,,Casey,,,,,,,,,,,,,,,,,,* ,casey.lane@gmail.com,,,,
Riley Grant,Riley,,Grant,,,,,,,,Riley,,,,,,,,,,,,,,,,,,* ,riley.grant@gmail.com,,,,
Morgan Reed,Morgan,,Reed,,,,,,,,Morgan,,,,,,,,,,,,,,,,,,* ,morgan.reed@gmail.com,,,,
Drew Barnes,Drew,,Barnes,,,,,,,,Drew,,,,,,,,,,,,,,,,,,* ,drew.barnes@gmail.com,,,,
Taylor Morgan,Taylor,,Morgan,,,,,,,,Taylor,,,,,,,,,,,,,,,,,,* ,taylor.morgan@gmail.com,,,,
Jordan Lane,Jordan,,Lane,,,,,,,,Jordan,,,,,,,,,,,,,,,,,,,,Mobile,555-543-5277,,
Reese Ford,Reese,,Ford,,,,,,,,Reese,,,,,,,,,,,,,,,,,,* Other,reese.ford@gmail.com,Mobile,555-278-4060,,
Riley Banks,Riley,,Banks,,,,,,,,Riley,,,,,,,,,,,,,,,,,,* ,riley.banks@gmail.com,,,,
Shawn Woods,Shawn,,Woods,,,,,,,,Shawn,,,,,,,,,,,,,,,,,,* Other,shawn.woods@gmail.com,Mobile,555-643-7752,,
Drew Hayes,Drew,,Hayes,,,,,,,,Drew,,,,,,,,,,,,,,,,,,* ,drew.hayes@gmail.com,,,,
Taylor Brooks,Taylor,,Brooks,,,,,,,,Taylor,,,,,,,,,,,,,,,,,,* ,taylor.brooks@gmail.com,,,,
Morgan Banks,Morgan,,Banks,,,,,,,,Morgan,,,,,,,,,,,,,,,,,,* Other,morgan.banks@gmail.com,Mobile,555-179-4112,,
Logan Morgan,Logan,,Morgan,,,,,,,,Logan,,,,,,,,,,,,,,,,,,* ,logan.morgan@gmail.com,,,,
Riley Green,Riley,,Green,,,,,,,,Riley,,,,,,,,,,,,,,,,,,,,Mobile,555-569-6562,,
Alex Hayes,Alex,,Hayes,,,,,,,,Alex,,,,,,,,,,,,,,,,,,* Other,alex.hayes@gmail.com,Mobile,555-807-7807,,
Alex Green,Alex,,Green,,,,,,,,Alex,,,,,,,,,,,,,,,,,,* Other,alex.green@gmail.com,Mobile,555-779-3683,,
Skyler Fisher,Skyler,,Fisher,,,,,,,,Skyler,,,,,,,,,,,,,,,,,,* Other,skyler.fisher@gmail.com,Mobile,555-283-5695,,
Jordan Ford,Jordan,,Ford,,,,,,,,Jordan,,,,,,,,,,,,,,,,,,* ,jordan.ford@gmail.com,,,,
Avery Woods,Avery,,Woods,,,,,,,,Avery,,,,,,,,,,,,,,,,,,* ,avery.woods@gmail.com,,,,
Cameron Ford,Cameron,,Ford,,,,,,,,Cameron,,,,,,,,,,,,,,,,,,* ,cameron.ford@gmail.com,,,,
Drew Brooks,Drew,,Brooks,,,,,,,,Drew,,,,,,,,,,,,,,,,,,* Other,drew.brooks@gmail.com,,,,
Shawn Barnes,Shawn,,Barnes,,,,,,,,Shawn,,,,,,,,,,,,,,,,,,* ,shawn.barnes@gmail.com,,,,
Morgan Hayes,Morgan,,Hayes,,,,,,,,Morgan,,,,,,,,,,,,,,,,,,* Other,morgan.hayes@gmail.com,,,,
Drew Banks,Drew,,Banks,,,,,,,,Drew,,,,,,,,,,,,,,,,,,* ,drew.banks@gmail.com,,,,
Cameron Lane,Cameron,,Lane,,,,,,,,Cameron,,,,,,,,,,,,,,,,,,* ,cameron.lane@gmail.com,,,,
Riley Stone,Riley,,Stone,,,,,,,,Riley,,,,,,,,,,,,,,,,,,* Other,riley.stone@gmail.com,,,,
Alex Price,Alex,,Price,,,,,,,,Alex,,,,,,,,,,,,,,,,,,* ,alex.price@gmail.com,,,,
Jordan Lane,Jordan,,Lane,,,,,,,,Jordan,,,,,,,,,,,,,,,,,,* ,jordan.lane@gmail.com,,,,
Quinn Price,Quinn,,Price,,,,,,,,Quinn,,,,,,,,,,,,,,,,,,* ,quinn.price@gmail.com,,,,
Shawn Stone,Shawn,,Stone,,,,,,,,Shawn,,,,,,,,,,,,,,,,,,,,Mobile,555-874-4044,,
Casey Fisher,Casey,,Fisher,,,,,,,,Casey,,,,,,,,,,,,,,,,,,* Other,casey.fisher@gmail.com,,,,
Avery Hayes,Avery,,Hayes,,,,,,,,Avery,,,,,,,,,,,,,,,,,,* Other,avery.hayes@gmail.com,Mobile,555-232-1680,,
Taylor Reed,Taylor,,Reed,,,,,,,,Taylor,,,,,,,,,,,,,,,,,,* ,taylor.reed@gmail.com,,,,
Logan Lane,Logan,,Lane,,,,,,,,Logan,,,,,,,,,,,,,,,,,,* ,logan.lane@gmail.com,,,,
Alex Brooks,Alex,,Brooks,,,,,,,,Alex,,,,,,,,,,,,,,,,,,* ,alex.brooks@gmail.com,,,,
Morgan Morgan,Morgan,,Morgan,,,,,,,,Morgan,,,,,,,,,,,,,,,,,,* Other,morgan.morgan@gmail.com,Mobile,555-652-6602,,
Taylor Barnes,Taylor,,Barnes,,,,,,,,Taylor,,,,,,,,,,,,,,,,,,,,Mobile,555-431-1210,,
Alex Green,Alex,,Green,,,,,,,,Alex,,,,,,,,,,,,,,,,,,* ,alex.green@gmail.com,,,,
Shawn Knight,Shawn,,Knight,,,,,,,,Shawn,,,,,,,,,,,,,,,,,,* ,shawn.knight@gmail.com,,,,
Jordan Barnes,Jordan,,Barnes,,,,,,,,Jordan,,,,,,,,,,,,,,,,,,* ,jordan.barnes@gmail.com,,,,
Skyler Grant,Skyler,,Grant,,,,,,,,Skyler,,,,,,,,,,,,,,,,,,* ,skyler.grant@gmail.com,,,,
Taylor Stone,Taylor,,Stone,,,,,,,,Taylor,,,,,,,,,,,,,,,,,,* Other,taylor.stone@gmail.com,Mobile,555-111-7025,,
Morgan Ford,Morgan,,Ford,,,,,,,,Morgan,,,,,,,,,,,,,,,,,,* ,morgan.ford@gmail.com,,,,
Reese Stone,Reese,,Stone,,,,,,,,Reese,,,,,,,,,,,,,,,,,,* ,reese.stone@gmail.com,,,,
Jordan Knight,Jordan,,Knight,,,,,,,,Jordan,,,,,,,,,,,,,,,,,,* ,jordan.knight@gmail.com,,,,
Drew Green,Drew,,Green,,,,,,,,Drew,,,,,,,,,,,,,,,,,,* ,drew.green@gmail.com,,,,
Alex Ford,Alex,,Ford,,,,,,,,Alex,,,,,,,,,,,,,,,,,,* ,alex.ford@gmail.com,,,,
Quinn Morgan,Quinn,,Morgan,,,,,,,,Quinn,,,,,,,,,,,,,,,,,,* ,quinn.morgan@gmail.com,,,,
Skyler Fisher,Skyler,,Fisher,,,,,,,,Skyler,,,,,,,,,,,,,,,,,,* ,skyler.fisher@gmail.com,,,,
Avery Grant,Avery,,Grant,,,,,,,,Avery,,,,,,,,,,,,,,,,,,* Other,avery.grant@gmail.com,Mobile,555-663-4302,,
Riley Stone,Riley,,Stone,,,,,,,,Riley,,,,,,,,,,,,,,,,,,* ,riley.stone@gmail.com,,,,
Jamie Banks,Jamie,,Banks,,,,,,,,Jamie,,,,,,,,,,,,,,,,,,* ,jamie.banks@gmail.com,,,,
Jordan Hayes,Jordan,,Hayes,,,,,,,,Jordan,,,,,,,,,,,,,,,,,,* ,jordan.hayes@gmail.com,,,,
Taylor Woods,Taylor,,Woods,,,,,,,,Taylor,,,,,,,,,,,,,,,,,,* ,taylor.woods@gmail.com,,,,
Quinn Brooks,Quinn,,Brooks,,,,,,,,Quinn,,,,,,,,,,,,,,,,,,* ,quinn.brooks@gmail.com,,,,
Cameron Morgan,Cameron,,Morgan,,,,,,,,Cameron,,,,,,,,,,,,,,,,,,* Other,cameron.morgan@gmail.com,Mobile,555-336-4330,,
Taylor Brooks,Taylor,,Brooks,,,,,,,,Taylor,,,,,,,,,,,,,,,,,,,,Mobile,555-395-3459,,
Reese Woods,Reese,,Woods,,,,,,,,Reese,,,,,,,,,,,,,,,,,,,,Mobile,555-632-1054,,
Taylor Green,Taylor,,Green,,,,,,,,Taylor,,,,,,,,,,,,,,,,,,,,Mobile,555-773-9127,,
Cameron Brooks,Cameron,,Brooks,,,,,,,,Cameron,,,,,,,,,,,,,,,,,,* ,cameron.brooks@gmail.com,,,,
Logan Fisher,Logan,,Fisher,,,,,,,,Logan,,,,,,,,,,,,,,,,,,* ,logan.fisher@gmail.com,,,,
Cameron Stone,Cameron,,Stone,,,,,,,,Cameron,,,,,,,,,,,,,,,,,,* Other,cameron.stone@gmail.com,,,,
Logan Woods,Logan,,Woods,,,,,,,,Logan,,,,,,,,,,,,,,,,,,,,Mobile,555-370-9276,,
Skyler Barnes,Skyler,,Barnes,,,,,,,,Skyler,,,,,,,,,,,,,,,,,,* Other,skyler.barnes@gmail.com,,,,
Jordan Stone,Jordan,,Stone,,,,,,,,Jordan,,,,,,,,,,,,,,,,,,* Other,jordan.stone@gmail.com,Mobile,555-869-8550,,
Avery Brooks,Avery,,Brooks,,,,,,,,Avery,,,,,,,,,,,,,,,,,,* ,avery.brooks@gmail.com,,,,
Morgan Grant,Morgan,,Grant,,,,,,,,Morgan,,,,,,,,,,,,,,,,,,* ,morgan.grant@gmail.com,,,,
Cameron Brooks,Cameron,,Brooks,,,,,,,,Cameron,,,,,,,,,,,,,,,,,,* ,cameron.brooks@gmail.com,,,,
Alex Morgan,Alex,,Morgan,,,,,,,,Alex,,,,,,,,,,,,,,,,,,* ,alex.morgan@gmail.com,,,,
Riley Brooks,Riley,,Brooks,,,,,,,,Riley,,,,,,,,,,,,,,,,,,* Other,riley.brooks@gmail.com,Mobile,555-504-3913,,
Taylor Fisher,Taylor,,Fisher,,,,,,,,Taylor,,,,,,,,,,,,,,,,,,* ,taylor.fisher@gmail.com,,,,
Jamie Lane,Jamie,,Lane,,,,,,,,Jamie,,,,,,,,,,,,,,,,,,* ,jamie.lane@gmail.com,,,,
Reese Grant,Reese,,Grant,,,,,,,,Reese,,,,,,,,,,,,,,,,,,* ,reese.grant@gmail.com,,,,
Morgan Barnes,Morgan,,Barnes,,,,,,,,Morgan,,,,,,,,,,,,,,,,,,,,Mobile,555-625-7840,,
Riley Woods,Riley,,Woods,,,,,,,,Riley,,,,,,,,,,,,,,,,,,* ,riley.woods@gmail.com,,,,
Jordan Ford,Jordan,,Ford,,,,,,,,Jordan,,,,,,,,,,,,,,,,,,* Other,jordan.ford@gmail.com,Mobile,555-571-4195,,
Jamie Fisher,Jamie,,Fisher,,,,,,,,Jamie,,,,,,,,,,,,,,,,,,* ,jamie.fisher@gmail.com,,,,
Drew Price,Drew,,Price,,,,,,,,Drew,,,,,,,,,,,,,,,,,,* ,drew.price@gmail.com,,,,
Shawn Brooks,Shawn,,Brooks,,,,,,,,Shawn,,,,,,,,,,,,,,,,,,* ,shawn.brooks@gmail.com,,,,
Reese Grant,Reese,,Grant,,,,,,,,Reese,,,,,,,,,,,,,,,,,,* ,reese.grant@gmail.com,,,,
Morgan Morgan,Morgan,,Morgan,,,,,,,,Morgan,,,,,,,,,,,,,,,,,,,,Mobile,555-681-5789,,
Taylor Hayes,Taylor,,Hayes,,,,,,,,Taylor,,,,,,,,,,,,,,,,,,* ,taylor.hayes@gmail.com,,,,
Reese Banks,Reese,,Banks,,,,,,,,Reese,,,,,,,,,,,,,,,,,,* Other,reese.banks@gmail.com,Mobile,555-889-1969,,
Casey Stone,Casey,,Stone,,,,,,,,Casey,,,,,,,,,,,,,,,,,,* ,casey.stone@gmail.com,,,,
Avery Green,Avery,,Green,,,,,,,,Avery,,,,,,,,,,,,,,,,,,* ,avery.green@gmail.com,,,,
Riley Stone,Riley,,Stone,,,,,,,,Riley,,,,,,,,,,,,,,,,,,* ,riley.stone@gmail.com,,,,
Reese Hayes,Reese,,Hayes,,,,,,,,Reese,,,,,,,,,,,,,,,,,,* Other,reese.hayes@gmail.com,Mobile,555-687-2762,,
Jamie Stone,Jamie,,Stone,,,,,,,,Jamie,,,,,,,,,,,,,,,,,,,,Mobile,555-169-3558,,
Riley Grant,Riley,,Grant,,,,,,,,Riley,,,,,,,,,,,,,,,,,,* ,riley.grant@gmail.com,,,,
Shawn Ford,Shawn,,Ford,,,,,,,,Shawn,,,,,,,,,,,,,,,,,,* Other,shawn.ford@gmail.com,Mobile,555-136-5504,,
Shawn Knight,Shawn,,Knight,,,,,,,,Shawn,,,,,,,,,,,,,,,,,,* Other,shawn.knight@gmail.com,,,,
Jamie Morgan,Jamie,,Morgan,,,,,,,,Jamie,,,,,,,,,,,,,,,,,,* ,jamie.morgan@gmail.com,,,,
Avery Reed,Avery,,Reed,,,,,,,,Avery,,,,,,,,,,,,,,,,,,* ,avery.reed@gmail.com,,,,
Quinn Fisher,Quinn,,Fisher,,,,,,,,Quinn,,,,,,,,,,,,,,,,,,* ,quinn.fisher@gmail.com,,,,
Casey Reed,Casey,,Reed,,,,,,,,Casey,,,,,,,,,,,,,,,,,,* ,casey.reed@gmail.com,,,,
Shawn Knight,Shawn,,Knight,,,,,,,,Shawn,,,,,,,,,,,,,,,,,,* ,shawn.knight@gmail.com,,,,
Quinn Green,Quinn,,Green,,,,,,,,Quinn,,,,,,,,,,,,,,,,,,* ,quinn.green@gmail.com,,,,
Casey Knight,Casey,,Knight,,,,,,,,Casey,,,,,,,,,,,,,,,,,,,,Mobile,555-130-4598,,
Riley Brooks,Riley,,Brooks,,,,,,,,Riley,,,,,,,,,,,,,,,,,,* ,riley.brooks@gmail.com,,,,
Cameron Green,Cameron,,Green,,,,,,,,Cameron,,,,,,,,,,,,,,,,,,* ,cameron.green@gmail.com,,,,
Jamie Ford,Jamie,,Ford,,,,,,,,Jamie,,,,,,,,,,,,,,,,,,* Other,jamie.ford@gmail.com,Mobile,555-923-2362,,
Alex Woods,Alex,,Woods,,,,,,,,Alex,,,,,,,,,,,,,,,,,,* ,alex.woods@gmail.com,,,,
Drew Lane,Drew,,Lane,,,,,,,,Drew,,,,,,,,,,,,,,,,,,* ,drew.lane@gmail.com,,,,
Morgan Lane,Morgan,,Lane,,,,,,,,Morgan,,,,,,,,,,,,,,,,,,* ,morgan.lane@gmail.com,,,,
Avery Knight,Avery,,Knight,,,,,,,,Avery,,,,,,,,,,,,,,,,,,* ,avery.knight@gmail.com,,,,
Taylor Reed,Taylor,,Reed,,,,,,,,Taylor,,,,,,,,,,,,,,,,,,* ,taylor.reed@gmail.com,,,,
Riley Price,Riley,,Price,,,,,,,,Riley,,,,,,,,,,,,,,,,,,* ,riley.price@gmail.com,,,,
Cameron Reed,Cameron,,Reed,,,,,,,,Cameron,,,,,,,,,,,,,,,,,,* Other,cameron.reed@gmail.com,,,,
Shawn Morgan,Shawn,,Morgan,,,,,,,,Shawn,,,,,,,,,,,,,,,,,,* Other,shawn.morgan@gmail.com,,,,
Logan Barnes,Logan,,Barnes,,,,,,,,Logan,,,,,,,,,,,,,,,,,,* ,logan.barnes@gmail.com,,,,
Jordan Fisher,Jordan,,Fisher,,,,,,,,Jordan,,,,,,,,,,,,,,,,,,* ,jordan.fisher@gmail.com,,,,
Casey Morgan,Casey,,Morgan,,,,,,,,Casey,,,,,,,,,,,,,,,,,,* ,casey.morgan@gmail.com,,,,
Skyler Lane,Skyler,,Lane,,,,,,,,Skyler,,,,,,,,,,,,,,,,,,* ,skyler.lane@gmail.com,,,,
Alex Barnes,Alex,,Barnes,,,,,,,,Alex,,,,,,,,,,,,,,,,,,* ,alex.barnes@gmail.com,,,,
Morgan Brooks,Morgan,,Brooks,,,,,,,,Morgan,,,,,,,,,,,,,,,,,,* ,morgan.brooks@gmail.com,,,,
Jordan Brooks,Jordan,,Brooks,,,,,,,,Jordan,,,,,,,,,,,,,,,,,,* Other,jordan.brooks@gmail.com,,,,
Logan Reed,Logan,,Reed,,,,,,,,Logan,,,,,,,,,,,,,,,,,,* ,logan.reed@gmail.com,,,,
Morgan Morgan,Morgan,,Morgan,,,,,,,,Morgan,,,,,,,,,,,,,,,,,,,,Mobile,555-534-4291,,
Alex Brooks,Alex,,Brooks,,,,,,,,Alex,,,,,,,,,,,,,,,,,,* ,alex.brooks@gmail.com,,,,
Jordan Hayes,Jordan,,Hayes,,,,,,,,Jordan,,,,,,,,,,,,,,,,,,* ,jordan.hayes@gmail.com,,,,
Alex Stone,Alex,,Stone,,,,,,,,Alex,,,,,,,,,,,,,,,,,,* ,alex.stone@gmail.com,,,,
Riley Barnes,Riley,,Barnes,,,,,,,,Riley,,,,,,,,,,,,,,,,,,* Other,riley.barnes@gmail.com,,,,
Riley Lane,Riley,,Lane,,,,,,,,Riley,,,,,,,,,,,,,,,,,,* ,riley.lane@gmail.com,,,,
Alex Price,Alex,,Price,,,,,,,,Alex,,,,,,,,,,,,,,,,,,,,Mobile,555-202-8940,,
Taylor Fisher,Taylor,,Fisher,,,,,,,,Taylor,,,,,,,,,,,,,,,,,,* ,taylor.fisher@gmail.com,,,,
Morgan Reed,Morgan,,Reed,,,,,,,,Morgan,,,,,,,,,,,,,,,,,,* ,morgan.reed@gmail.com,,,,
Drew Hayes,Drew,,Hayes,,,,,,,,Drew,,,,,,,,,,,,,,,,,,* ,drew.hayes@gmail.com,,,,
Riley Brooks,Riley,,Brooks,,,,,,,,Riley,,,,,,,,,,,,,,,,,,* ,riley.brooks@gmail.com,,,,
Shawn Reed,Shawn,,Reed,,,,,,,,Shawn,,,,,,,,,,,,,,,,,,* ,shawn.reed@gmail.com,,,,
Alex Lane,Alex,,Lane,,,,,,,,Alex,,,,,,,,,,,,,,,,,,* ,alex.lane@gmail.com,,,,
Logan Woods,Logan,,Woods,,,,,,,,Logan,,,,,,,,,,,,,,,,,,* ,logan.woods@gmail.com,,,,
Jordan Hayes,Jordan,,Hayes,,,,,,,,Jordan,,,,,,,,,,,,,,,,,,* Other,jordan.hayes@gmail.com,,,,
Morgan Hayes,Morgan,,Hayes,,,,,,,,Morgan,,,,,,,,,,,,,,,,,,* ,morgan.hayes@gmail.com,,,,
Reese Ford,Reese,,Ford,,,,,,,,Reese,,,,,,,,,,,,,,,,,,,,Mobile,555-519-9585,,
Alex Stone,Alex,,Stone,,,,,,,,Alex,,,,,,,,,,,,,,,,,,* ,alex.stone@gmail.com,,,,
Reese Brooks,Reese,,Brooks,,,,,,,,Reese,,,,,,,,,,,,,,,,,,* ,reese.brooks@gmail.com,,,,
Drew Hayes,Drew,,Hayes,,,,,,,,Drew,,,,,,,,,,,,,,,,,,* Other,drew.hayes@gmail.com,,,,
Riley Fisher,Riley,,Fisher,,,,,,,,Riley,,,,,,,,,,,,,,,,,,* Other,riley.fisher@gmail.com,Mobile,555-880-3682,,
Quinn Barnes,Quinn,,Barnes,,,,,,,,Quinn,,,,,,,,,,,,,,,,,,* ,quinn.barnes@gmail.com,,,,
Quinn Green,Quinn,,Green,,,,,,,,Quinn,,,,,,,,,,,,,,,,,,* ,quinn.green@gmail.com,,,,
Riley Ford,Riley,,Ford,,,,,,,,Riley,,,,,,,,,,,,,,,,,,* ,riley.ford@gmail.com,,,,
Alex Lane,Alex,,Lane,,,,,,,,Alex,,,,,,,,,,,,,,,,,,* ,alex.lane@gmail.com,,,,
Avery Morgan,Avery,,Morgan,,,,,,,,Avery,,,,,,,,,,,,,,,,,,* Other,avery.morgan@gmail.com,Mobile,555-790-9862,,
Jamie Fisher,Jamie,,Fisher,,,,,,,,Jamie,,,,,,,,,,,,,,,,,,* ,jamie.fisher@gmail.com,,,,
Alex Morgan,Alex,,Morgan,,,,,,,,Alex,,,,,,,,,,,,,,,,,,* ,alex.morgan@gmail.com,,,,
Quinn Knight,Quinn,,Knight,,,,,,,,Quinn,,,,,,,,,,,,,,,,,,* ,quinn.knight@gmail.com,,,,
Alex Morgan,Alex,,Morgan,,,,,,,,Alex,,,,,,,,,,,,,,,,,,* Other,alex.morgan@gmail.com,Mobile,555-420-7381,,
Skyler Reed,Skyler,,Reed,,,,,,,,Skyler,,,,,,,,,,,,,,,,,,* ,skyler.reed@gmail.com,,,,
Taylor Barnes,Taylor,,Barnes,,,,,,,,Taylor,,,,,,,,,,,,,,,,,,* ,taylor.barnes@gmail.com,,,,
Drew Fisher,Drew,,Fisher,,,,,,,,Drew,,,,,,,,,,,,,,,,,,* ,drew.fisher@gmail.com,,,,
Alex Fisher,Alex,,Fisher,,,,,,,,Alex,,,,,,,,,,,,,,,,,,* ,alex.fisher@gmail.com,,,,
Jordan Knight,Jordan,,Knight,,,,,,,,Jordan,,,,,,,,,,,,,,,,,,* ,jordan.knight@gmail.com,,,,
Jordan Woods,Jordan,,Woods,,,,,,,,Jordan,,,,,,,,,,,,,,,,,,* ,jordan.woods@gmail.com,,,,
Drew Brooks,Drew,,Brooks,,,,,,,,Drew,,,,,,,,,,,,,,,,,,* ,drew.brooks@gmail.com,,,,
Alex Green,Alex,,Green,,,,,,,,Alex,,,,,,,,,,,,,,,,,,* ,alex.green@gmail.com,,,,
Casey Lane,Casey,,Lane,,,,,,,,Casey,,,,,,,,,,,,,,,,,,* ,casey.lane@gmail.com,,,,
Morgan Hayes,Morgan,,Hayes,,,,,,,,Morgan,,,,,,,,,,,,,,,,,,* Other,morgan.hayes@gmail.com,,,,
Jordan Knight,Jordan,,Knight,,,,,,,,Jordan,,,,,,,,,,,,,,,,,,* ,jordan.knight@gmail.com,,,,
Quinn Knight,Quinn,,Knight,,,,,,,,Quinn,,,,,,,,,,,,,,,,,,* ,quinn.knight@gmail.com,,,,
Alex Barnes,Alex,,Barnes,,,,,,,,Alex,,,,,,,,,,,,,,,,,,* Other,alex.barnes@gmail.com,,,,
Morgan Grant,Morgan,,Grant,,,,,,,,Morgan,,,,,,,,,,,,,,,,,,* ,morgan.grant@gmail.com,,,,
Morgan Morgan,Morgan,,Morgan,,,,,,,,Morgan,,,,,,,,,,,,,,,,,,* ,morgan.morgan@gmail.com,,,,
Shawn Stone,Shawn,,Stone,,,,,,,,Shawn,,,,,,,,,,,,,,,,,,* ,shawn.stone@gmail.com,,,,
Taylor Barnes,Taylor,,Barnes,,,,,,,,Taylor,,,,,,,,,,,,,,,,,,* ,taylor.barnes@gmail.com,,,,
Drew Hayes,Drew,,Hayes,,,,,,,,Drew,,,,,,,,,,,,,,,,,,,,Mobile,555-347-8726,,
Cameron Brooks,Cameron,,Brooks,,,,,,,,Cameron,,,,,,,,,,,,,,,,,,,,Mobile,555-313-4504,,
Taylor Ford,Taylor,,Ford,,,,,,,,Taylor,,,,,,,,,,,,,,,,,,* ,taylor.ford@gmail.com,,,,
Shawn Knight,Shawn,,Knight,,,,,,,,Shawn,,,,,,,,,,,,,,,,,,* ,shawn.knight@gmail.com,,,,
Logan Stone,Logan,,Stone,,,,,,,,Logan,,,,,,,,,,,,,,,,,,* ,logan.stone@gmail.com,,,,
Alex Ford,Alex,,Ford,,,,,,,,Alex,,,,,,,,,,,,,,,,,,* ,alex.ford@gmail.com,,,,
Morgan Woods,Morgan,,Woods,,,,,,,,Morgan,,,,,,,,,,,,,,,,,,,,Mobile,555-903-2142,,
Reese Stone,Reese,,Stone,,,,,,,,Reese,,,,,,,,,,,,,,,,,,* Other,reese.stone@gmail.com,Mobile,555-225-2547,,
Casey Fisher,Casey,,Fisher,,,,,,,,Casey,,,,,,,,,,,,,,,,,,,,Mobile,555-341-4499,,
Casey Price,Casey,,Price,,,,,,,,Casey,,,,,,,,,,,,,,,,,,* Other,casey.price@gmail.com,,,,
Quinn Morgan,Quinn,,Morgan,,,,,,,,Quinn,,,,,,,,,,,,,,,,,,* ,quinn.morgan@gmail.com,,,,
Shawn Banks,Shawn,,Banks,,,,,,,,Shawn,,,,,,,,,,,,,,,,,,* ,shawn.banks@gmail.com,,,,
Quinn Ford,Quinn,,Ford,,,,,,,,Quinn,,,,,,,,,,,,,,,,,,* ,quinn.ford@gmail.com,,,,
Avery Hayes,Avery,,Hayes,,,,,,,,Avery,,,,,,,,,,,,,,,,,,* ,avery.hayes@gmail.com,,,,
Morgan Ford,Morgan,,Ford,,,,,,,,Morgan,,,,,,,,,,,,,,,,,,,,Mobile,555-561-9264,,
Jordan Hayes,Jordan,,Hayes,,,,,,,,Jordan,,,,,,,,,,,,,,,,,,* Other,jordan.hayes@gmail.com,,,,
Alex Hayes,Alex,,Hayes,,,,,,,,Alex,,,,,,,,,,,,,,,,,,* ,alex.hayes@gmail.com,,,,
Cameron Hayes,Cameron,,Hayes,,,,,,,,Cameron,,,,,,,,,,,,,,,,,,* ,cameron.hayes@gmail.com,,,,
Cameron Ford,Cameron,,Ford,,,,,,,,Cameron,,,,,,,,,,,,,,,,,,* ,cameron.ford@gmail.com,,,,
Riley Price,Riley,,Price,,,,,,,,Riley,,,,,,,,,,,,,,,,,,* ,riley.price@gmail.com,,,,
Avery Knight,Avery,,Knight,,,,,,,,Avery,,,,,,,,,,,,,,,,,,* ,avery.knight@gmail.com,,,,
Jamie Woods,Jamie,,Woods,,,,,,,,Jamie,,,,,,,,,,,,,,,,,,* ,jamie.woods@gmail.com,,,,
Avery Knight,Avery,,Knight,,,,,,,,Avery,,,,,,,,,,,,,,,,,,* ,avery.knight@gmail.com,,,,
Jordan Morgan,Jordan,,Morgan,,,,,,,,Jordan,,,,,,,,,,,,,,,,,,* Other,jordan.morgan@gmail.com,,,,
Morgan Knight,Morgan,,Knight,,,,,,,,Morgan,,,,,,,,,,,,,,,,,,* ,morgan.knight@gmail.com,,,,
Casey Barnes,Casey,,Barnes,,,,,,,,Casey,,,,,,,,,,,,,,,,,,* ,casey.barnes@gmail.com,,,,
Drew Woods,Drew,,Woods,,,,,,,,Drew,,,,,,,,,,,,,,,,,,* ,drew.woods@gmail.com,,,,
Taylor Price,Taylor,,Price,,,,,,,,Taylor,,,,,,,,,,,,,,,,,,* ,taylor.price@gmail.com,,,,
Shawn Fisher,Shawn,,Fisher,,,,,,,,Shawn,,,,,,,,,,,,,,,,,,* ,shawn.fisher@gmail.com,,,,
Cameron Barnes,Cameron,,Barnes,,,,,,,,Cameron,,,,,,,,,,,,,,,,,,* Other,cameron.barnes@gmail.com,,,,
Casey Fisher,Casey,,Fisher,,,,,,,,Casey,,,,,,,,,,,,,,,,,,* ,casey.fisher@gmail.com,,,,
Cameron Ford,Cameron,,Ford,,,,,,,,Cameron,,,,,,,,,,,,,,,,,,* ,cameron.ford@gmail.com,,,,
Skyler Stone,Skyler,,Stone,,,,,,,,Skyler,,,,,,,,,,,,,,,,,,,,Mobile,555-280-1091,,
Reese Banks,Reese,,Banks,,,,,,,,Reese,,,,,,,,,,,,,,,,,,,,Mobile,555-837-5526,,
Alex Stone,Alex,,Stone,,,,,,,,Alex,,,,,,,,,,,,,,,,,,* Other,alex.stone@gmail.com,,,,
Quinn Grant,Quinn,,Grant,,,,,,,,Quinn,,,,,,,,,,,,,,,,,,* ,quinn.grant@gmail.com,,,,
Riley Banks,Riley,,Banks,,,,,,,,Riley,,,,,,,,,,,,,,,,,,* ,riley.banks@gmail.com,,,,
Jamie Price,Jamie,,Price,,,,,,,,Jamie,,,,,,,,,,,,,,,,,,* Other,jamie.price@gmail.com,,,,
Skyler Ford,Skyler,,Ford,,,,,,,,Skyler,,,,,,,,,,,,,,,,,,* ,skyler.ford@gmail.com,,,,
Casey Green,Casey,,Green,,,,,,,,Casey,,,,,,,,,,,,,,,,,,* Other,casey.green@gmail.com,,,,
Shawn Barnes,Shawn,,Barnes,,,,,,,,Shawn,,,,,,,,,,,,,,,,,,* ,shawn.barnes@gmail.com,,,,
Riley Price,Riley,,Price,,,,,,,,Riley,,,,,,,,,,,,,,,,,,* Other,riley.price@gmail.com,,,,
Cameron Hayes,Cameron,,Hayes,,,,,,,,Cameron,,,,,,,,,,,,,,,,,,,,Home,555-356-4775,,
Jordan Grant,Jordan,,Grant,,,,,,,,Jordan,,,,,,,,,,,,,,,,,,,,Mobile,555-912-4342,,
Casey Grant,Casey,,Grant,,,,,,,,Casey,,,,,,,,,,,,,,,,,,* Other,casey.grant@gmail.com,,,,
Reese Green,Reese,,Green,,,,,,,,Reese,,,,,,,,,,,,,,,,,,* ,reese.green@gmail.com,,,,
Alex Brooks,Alex,,Brooks,,,,,,,,Alex,,,,,,,,,,,,,,,,,,,,Mobile,555-676-3184,,
Riley Price,Riley,,Price,,,,,,,,Riley,,,,,,,,,,,,,,,,,,* Other,riley.price@gmail.com,Mobile,555-231-6021,,
Reese Reed,Reese,,Reed,,,,,,,,Reese,,,,,,,,,,,,,,,,,,* ,reese.reed@gmail.com,,,,
Alex Price,Alex,,Price,,,,,,,,Alex,,,,,,,,,,,,,,,,,,* Other,alex.price@gmail.com,,,,
Avery Barnes,Avery,,Barnes,,,,,,,,Avery,,,,,,,,,,,,,,,,,,,,Mobile,555-798-7578,,
Skyler Ford,Skyler,,Ford,,,,,,,,Skyler,,,,,,,,,,,,,,,,,,,,Mobile,555-755-8211,,
Drew Hayes,Drew,,Hayes,,,,,,,,Drew,,,,,,,,,,,,,,,,,,* ,drew.hayes@gmail.com,,,,
Casey Hayes,Casey,,Hayes,,,,,,,,Casey,,,,,,,,,,,,,,,,,,* Other,casey.hayes@gmail.com,Mobile,555-389-9801,,
Jordan Ford,Jordan,,Ford,,,,,,,,Jordan,,,,,,,,,,,,,,,,,,* Other,jordan.ford@gmail.com,,,,
Quinn Lane,Quinn,,Lane,,,,,,,,Quinn,,,,,,,,,,,,,,,,,,* ,quinn.lane@gmail.com,,,,
Shawn Knight,Shawn,,Knight,,,,,,,,Shawn,,,,,,,,,,,,,,,,,,* ,shawn.knight@gmail.com,,,,
Cameron Ford,Cameron,,Ford,,,,,,,,Cameron,,,,,,,,,,,,,,,,,,* ,cameron.ford@gmail.com,,,,
Taylor Grant,Taylor,,Grant,,,,,,,,Taylor,,,,,,,,,,,,,,,,,,* ,taylor.grant@gmail.com,,,,
Avery Green,Avery,,Green,,,,,,,,Avery,,,,,,,,,,,,,,,,,,* ,avery.green@gmail.com,,,,
Shawn Woods,Shawn,,Woods,,,,,,,,Shawn,,,,,,,,,,,,,,,,,,,,Mobile,555-850-2953,,
Casey Ford,Casey,,Ford,,,,,,,,Casey,,,,,,,,,,,,,,,,,,* ,casey.ford@gmail.com,,,,
Riley Grant,Riley,,Grant,,,,,,,,Riley,,,,,,,,,,,,,,,,,,* ,riley.grant@gmail.com,,,,
Avery Banks,Avery,,Banks,,,,,,,,Avery,,,,,,,,,,,,,,,,,,* ,avery.banks@gmail.com,,,,
Avery Knight,Avery,,Knight,,,,,,,,Avery,,,,,,,,,,,,,,,,,,* Other,avery.knight@gmail.com,Mobile,555-194-7385,,
Shawn Ford,Shawn,,Ford,,,,,,,,Shawn,,,,,,,,,,,,,,,,,,* Other,shawn.ford@gmail.com,,,,
Jordan Banks,Jordan,,Banks,,,,,,,,Jordan,,,,,,,,,,,,,,,,,,* Other,jordan.banks@gmail.com,,,,
Avery Price,Avery,,Price,,,,,,,,Avery,,,,,,,,,,,,,,,,,,* ,avery.price@gmail.com,,,,
Drew Green,Drew,,Green,,,,,,,,Drew,,,,,,,,,,,,,,,,,,* ,drew.green@gmail.com,,,,
Skyler Knight,Skyler,,Knight,,,,,,,,Skyler,,,,,,,,,,,,,,,,,,* ,skyler.knight@gmail.com,,,,
Taylor Ford,Taylor,,Ford,,,,,,,,Taylor,,,,,,,,,,,,,,,,,,* ,taylor.ford@gmail.com,,,,
Alex Morgan,Alex,,Morgan,,,,,,,,Alex,,,,,,,,,,,,,,,,,,* ,alex.morgan@gmail.com,,,,
Taylor Lane,Taylor,,Lane,,,,,,,,Taylor,,,,,,,,,,,,,,,,,,* ,taylor.lane@gmail.com,,,,
Jamie Reed,Jamie,,Reed,,,,,,,,Jamie,,,,,,,,,,,,,,,,,,* ,jamie.reed@gmail.com,,,,
Cameron Brooks,Cameron,,Brooks,,,,,,,,Cameron,,,,,,,,,,,,,,,,,,* ,cameron.brooks@gmail.com,,,,
Avery Brooks,Avery,,Brooks,,,,,,,,Avery,,,,,,,,,,,,,,,,,,* ,avery.brooks@gmail.com,,,,
Casey Morgan,Casey,,Morgan,,,,,,,,Casey,,,,,,,,,,,,,,,,,,* ,casey.morgan@gmail.com,,,,
Jamie Fisher,Jamie,,Fisher,,,,,,,,Jamie,,,,,,,,,,,,,,,,,,* ,jamie.fisher@gmail.com,,,,
Riley Barnes,Riley,,Barnes,,,,,,,,Riley,,,,,,,,,,,,,,,,,,* Other,riley.barnes@gmail.com,Mobile,555-140-6802,,
Morgan Banks,Morgan,,Banks,,,,,,,,Morgan,,,,,,,,,,,,,,,,,,* ,morgan.banks@gmail.com,,,,
Drew Lane,Drew,,Lane,,,,,,,,Drew,,,,,,,,,,,,,,,,,,* ,drew.lane@gmail.com,,,,
Quinn Green,Quinn,,Green,,,,,,,,Quinn,,,,,,,,,,,,,,,,,,* Other,quinn.green@gmail.com,Mobile,555-455-7425,,
Quinn Brooks,Quinn,,Brooks,,,,,,,,Quinn,,,,,,,,,,,,,,,,,,* Other,quinn.brooks@gmail.com,,,,
Drew Stone,Drew,,Stone,,,,,,,,Drew,,,,,,,,,,,,,,,,,,* Other,drew.stone@gmail.com,Mobile,555-883-7128,,
Logan Banks,Logan,,Banks,,,,,,,,Logan,,,,,,,,,,,,,,,,,,* ,logan.banks@gmail.com,,,,
Logan Fisher,Logan,,Fisher,,,,,,,,Logan,,,,,,,,,,,,,,,,,,* ,logan.fisher@gmail.com,,,,
Logan Grant,Logan,,Grant,,,,,,,,Logan,,,,,,,,,,,,,,,,,,* Other,logan.grant@gmail.com,,,,
Casey Stone,Casey,,Stone,,,,,,,,Casey,,,,,,,,,,,,,,,,,,* Other,casey.stone@gmail.com,Mobile,555-660-3167,,
Quinn Knight,Quinn,,Knight,,,,,,,,Quinn,,,,,,,,,,,,,,,,,,* ,quinn.knight@gmail.com,,,,
Shawn Green,Shawn,,Green,,,,,,,,Shawn,,,,,,,,,,,,,,,,,,* ,shawn.green@gmail.com,,,,
Quinn Stone,Quinn,,Stone,,,,,,,,Quinn,,,,,,,,,,,,,,,,,,* Other,quinn.stone@gmail.com,Mobile,555-476-4780,,
Avery Knight,Avery,,Knight,,,,,,,,Avery,,,,,,,,,,,,,,,,,,,,Mobile,555-330-9326,,
Riley Knight,Riley,,Knight,,,,,,,,Riley,,,,,,,,,,,,,,,,,,,,Mobile,555-402-4745,,
Cameron Barnes,Cameron,,Barnes,,,,,,,,Cameron,,,,,,,,,,,,,,,,,,* ,cameron.barnes@gmail.com,,,,
Riley Grant,Riley,,Grant,,,,,,,,Riley,,,,,,,,,,,,,,,,,,* ,riley.grant@gmail.com,,,,
Jordan Brooks,Jordan,,Brooks,,,,,,,,Jordan,,,,,,,,,,,,,,,,,,,,Mobile,555-290-9746,,
Alex Stone,Alex,,Stone,,,,,,,,Alex,,,,,,,,,,,,,,,,,,* Other,alex.stone@gmail.com,,,,
Shawn Ford,Shawn,,Ford,,,,,,,,Shawn,,,,,,,,,,,,,,,,,,* Other,shawn.ford@gmail.com,Mobile,555-872-3014,,
Skyler Barnes,Skyler,,Barnes,,,,,,,,Skyler,,,,,,,,,,,,,,,,,,* Other,skyler.barnes@gmail.com,Mobile,555-228-7070,,
Jordan Price,Jordan,,Price,,,,,,,,Jordan,,,,,,,,,,,,,,,,,,* Other,jordan.price@gmail.com,Mobile,555-774-4523,,
Alex Woods,Alex,,Woods,,,,,,,,Alex,,,,,,,,,,,,,,,,,,* ,alex.woods@gmail.com,,,,
Riley Reed,Riley,,Reed,,,,,,,,Riley,,,,,,,,,,,,,,,,,,* ,riley.reed@gmail.com,,,,
Drew Price,Drew,,Price,,,,,,,,Drew,,,,,,,,,,,,,,,,,,* ,drew.price@gmail.com,,,,
Jamie Hayes,Jamie,,Hayes,,,,,,,,Jamie,,,,,,,,,,,,,,,,,,* Other,jamie.hayes@gmail.com,,,,
Drew Reed,Drew,,Reed,,,,,,,,Drew,,,,,,,,,,,,,,,,,,* ,drew.reed@gmail.com,,,,
Drew Fisher,Drew,,Fisher,,,,,,,,Drew,,,,,,,,,,,,,,,,,,* ,drew.fisher@gmail.com,,,,
Casey Morgan,Casey,,Morgan,,,,,,,,Casey,,,,,,,,,,,,,,,,,,* Other,casey.morgan@gmail.com,Work,555-422-7417,,
Alex Fisher,Alex,,Fisher,,,,,,,,Alex,,,,,,,,,,,,,,,,,,* ,alex.fisher@gmail.com,,,,
Jordan Fisher,Jordan,,Fisher,,,,,,,,Jordan,,,,,,,,,,,,,,,,,,* ,jordan.fisher@gmail.com,,,,
Quinn Knight,Quinn,,Knight,,,,,,,,Quinn,,,,,,,,,,,,,,,,,,* ,quinn.knight@gmail.com,,,,
Jamie Morgan,Jamie,,Morgan,,,,,,,,Jamie,,,,,,,,,,,,,,,,,,* ,jamie.morgan@gmail.com,,,,
Morgan Reed,Morgan,,Reed,,,,,,,,Morgan,,,,,,,,,,,,,,,,,,* ,morgan.reed@gmail.com,,,,
Jordan Brooks,Jordan,,Brooks,,,,,,,,Jordan,,,,,,,,,,,,,,,,,,* ,jordan.brooks@gmail.com,,,,
Jamie Reed,Jamie,,Reed,,,,,,,,Jamie,,,,,,,,,,,,,,,,,,* ,jamie.reed@gmail.com,,,,
Jamie Green,Jamie,,Green,,,,,,,,Jamie,,,,,,,,,,,,,,,,,,* ,jamie.green@gmail.com,,,,
Reese Brooks,Reese,,Brooks,,,,,,,,Reese,,,,,,,,,,,,,,,,,,* ,reese.brooks@gmail.com,,,,
Taylor Hayes,Taylor,,Hayes,,,,,,,,Taylor,,,,,,,,,,,,,,,,,,* ,taylor.hayes@gmail.com,,,,
Morgan Banks,Morgan,,Banks,,,,,,,,Morgan,,,,,,,,,,,,,,,,,,,,Mobile,555-374-4456,,
Logan Reed,Logan,,Reed,,,,,,,,Logan,,,,,,,,,,,,,,,,,,* ,logan.reed@gmail.com,,,,
Cameron Morgan,Cameron,,Morgan,,,,,,,,Cameron,,,,,,,,,,,,,,,,,,* ,cameron.morgan@gmail.com,,,,
Alex Woods,Alex,,Woods,,,,,,,,Alex,,,,,,,,,,,,,,,,,,* Other,alex.woods@gmail.com,,,,
Cameron Banks,Cameron,,Banks,,,,,,,,Cameron,,,,,,,,,,,,,,,,,,* Other,cameron.banks@gmail.com,Mobile,555-244-4822,,
Shawn Green,Shawn,,Green,,,,,,,,Shawn,,,,,,,,,,,,,,,,,,* ,shawn.green@gmail.com,,,,
Skyler Lane,Skyler,,Lane,,,,,,,,Skyler,,,,,,,,,,,,,,,,,,* ,skyler.lane@gmail.com,,,,
Taylor Green,Taylor,,Green,,,,,,,,Taylor,,,,,,,,,,,,,,,,,,* ,taylor.green@gmail.com,,,,
Alex Brooks,Alex,,Brooks,,,,,,,,Alex,,,,,,,,,,,,,,,,,,* Other,alex.brooks@gmail.com,Mobile,555-487-7952,,
Drew Barnes,Drew,,Barnes,,,,,,,,Drew,,,,,,,,,,,,,,,,,,,,Mobile,555-125-3837,,
Taylor Ford,Taylor,,Ford,,,,,,,,Taylor,,,,,,,,,,,,,,,,,,* ,taylor.ford@gmail.com,,,,
Reese Hayes,Reese,,Hayes,,,,,,,,Reese,,,,,,,,,,,,,,,,,,* ,reese.hayes@gmail.com,,,,
Taylor Knight,Taylor,,Knight,,,,,,,,Taylor,,,,,,,,,,,,,,,,,,* ,taylor.knight@gmail.com,,,,
Logan Woods,Logan,,Woods,,,,,,,,Logan,,,,,,,,,,,,,,,,,,,,Mobile,555-464-2226,,
Shawn Brooks,Shawn,,Brooks,,,,,,,,Shawn,,,,,,,,,,,,,,,,,,* Other,shawn.brooks@gmail.com,Mobile,555-122-2177,Other,19107622910.0
Skyler Lane,Skyler,,Lane,,,,,,,,Skyler,,,,,,,,,,,,,,,,,,* ,skyler.lane@gmail.com,,,,
Riley Brooks,Riley,,Brooks,,,,,,,,Riley,,,,,,,,,,,,,,,,,,* ,riley.brooks@gmail.com,,,,
Cameron Morgan,Cameron,,Morgan,,,,,,,,Cameron,,,,,,,,,,,,,,,,,,* ,cameron.morgan@gmail.com,,,,
Riley Price,Riley,,Price,,,,,,,,Riley,,,,,,,,,,,,,,,,,,,,Mobile,555-401-4208,,
Reese Morgan,Reese,,Morgan,,,,,,,,Reese,,,,,,,,,,,,,,,,,,,,Mobile,555-515-2158,,
Riley Brooks,Riley,,Brooks,,,,,,,,Riley,,,,,,,,,,,,,,,,,,* Other,riley.brooks@gmail.com,,,,
Casey Knight,Casey,,Knight,,,,,,,,Casey,,,,,,,,,,,,,,,,,,* Other,casey.knight@gmail.com,Mobile,555-665-3778,,
Reese Banks,Reese,,Banks,,,,,,,,Reese,,,,,,,,,,,,,,,,,,* Other,reese.banks@gmail.com,,,,
Taylor Barnes,Taylor,,Barnes,,,,,,,,Taylor,,,,,,,,,,,,,,,,,,* Other,taylor.barnes@gmail.com,Mobile,555-125-8280,,
Taylor Grant,Taylor,,Grant,,,,,,,,Taylor,,,,,,,,,,,,,,,,https://lh3.googleusercontent.com/contacts/AG6tpzFMxO1zKhV7ze9sInj2Gb9V5qxXOB0zMoyrXhJexhW64gqsSKI7,,* Other,taylor.grant@gmail.com,Mobile,555-362-3233,,
Skyler Ford,Skyler,,Ford,,,,,,,,Skyler,,,,,,,,,,,,,,,,,,,,Mobile,555-258-5142,,
Cameron Banks,Cameron,,Banks,,,,,,,,Cameron,,,,,,,,,,,,,,,,,,* ,cameron.banks@gmail.com,,,,
Casey Reed,Casey,,Reed,,,,,,,,Casey,,,,,,,,,,,,,,,,,,* ,casey.reed@gmail.com,,,,
Shawn Green,Shawn,,Green,,,,,,,,Shawn,,,,,,,,,,,,,,,,,,* ,shawn.green@gmail.com,,,,
Reese Fisher,Reese,,Fisher,,,,,,,,Reese,,,,,,,,,,,,,,,,,,* ,reese.fisher@gmail.com,,,,
Riley Banks,Riley,,Banks,,,,,,,,Riley,,,,,,,,,,,,,,,,,,* ,riley.banks@gmail.com,,,,
Avery Hayes,Avery,,Hayes,,,,,,,,Avery,,,,,,,,,,,,,,,,,,* ,avery.hayes@gmail.com,,,,
Morgan Barnes,Morgan,,Barnes,,,,,,,,Morgan,,,,,,,,,,,,,,,,,,* ,morgan.barnes@gmail.com,,,,
Jordan Grant,Jordan,,Grant,,,,,,,,Jordan,,,,,,,,,,,,,,,,,,* ,jordan.grant@gmail.com,,,,
Cameron Woods,Cameron,,Woods,,,,,,,,Cameron,,,,,,,,,,,,,,,,,,* ,cameron.woods@gmail.com,,,,
Jamie Hayes,Jamie,,Hayes,,,,,,,,Jamie,,,,,,,,,,,,,,,,,,* ,jamie.hayes@gmail.com,,,,
Taylor Knight,Taylor,,Knight,,,,,,,,Taylor,,,,,,,,,,,,,,,,,,,,Mobile,555-922-9221,,
Taylor Woods,Taylor,,Woods,,,,,,,,Taylor,,,,,,,,,,,,,,,,,,* ,taylor.woods@gmail.com,,,,
Jamie Lane,Jamie,,Lane,,,,,,,,Jamie,,,,,,,,,,,,,,,,,,* ,jamie.lane@gmail.com,,,,
Drew Woods,Drew,,Woods,,,,,,,,Drew,,,,,,,,,,,,,,,,,,,,Mobile,555-915-2766,,
Avery Brooks,Avery,,Brooks,,,,,,,,Avery,,,,,,,,,,,,,,,,,,,,Mobile,555-876-1744,,
Quinn Ford,Quinn,,Ford,,,,,,,,Quinn,,,,,,,,,,,,,,,,,,* ,quinn.ford@gmail.com,,,,
Jordan Barnes,Jordan,,Barnes,,,,,,,,Jordan,,,,,,,,,,,,,,,,,,* ,jordan.barnes@gmail.com,,,,
Casey Reed,Casey,,Reed,,,,,,,,Casey,,,,,,,,,,,,,,,,,,,,Mobile,555-235-9585,,
Reese Price,Reese,,Price,,,,,,,,Reese,,,,,,,,,,,,,,,,,,* Other,reese.price@gmail.com,,,,
Skyler Grant,Skyler,,Grant,,,,,,,,Skyler,,,,,,,,,,,,,,,,,,* ,skyler.grant@gmail.com,,,,
Shawn Brooks,Shawn,,Brooks,,,,,,,,Shawn,,,,,,,,,,,,,,,,,,* ,shawn.brooks@gmail.com,,,,
Jamie Woods,Jamie,,Woods,,,,,,,,Jamie,,,,,,,,,,,,,,,,,,,,Mobile,555-537-3413,,
,,,,,,,,,,,,,,,,,,,,,,,,,,,,,,,,,,
